Algo,Iteration,Time Taken,AddedLatency
simple,0,906.13867ms,0
workstealing,0,221.970244ms,0
simple,1,801.257792ms,0
workstealing,1,372.410257ms,0
simple,2,782.39203ms,0
workstealing,2,137.915577ms,0
simple,3,1.150958563s,0
workstealing,3,123.533401ms,0
simple,4,822.164415ms,0
workstealing,4,130.52722ms,0
simple,0,1.625182417s,1
workstealing,0,196.802408ms,1
simple,1,1.651496611s,1
workstealing,1,210.4843ms,1
simple,2,1.267472545s,1
workstealing,2,200.110139ms,1
simple,3,1.865370393s,1
workstealing,3,207.319388ms,1
simple,4,1.235572125s,1
workstealing,4,207.669275ms,1
simple,0,4.09405428s,2
workstealing,0,756.045296ms,2
simple,1,1.707597381s,2
workstealing,1,280.796358ms,2
simple,2,2.586480363s,2
workstealing,2,284.400976ms,2
simple,3,1.756967456s,2
workstealing,3,268.17376ms,2
simple,4,1.722835403s,2
workstealing,4,266.574861ms,2
simple,0,2.081149754s,3
workstealing,0,1.000261533s,3
simple,1,2.189642592s,3
workstealing,1,390.093866ms,3
simple,2,2.480431994s,3
workstealing,2,1.274358868s,3
simple,3,2.202380767s,3
workstealing,3,341.780458ms,3
simple,4,2.123352234s,3
workstealing,4,344.462643ms,3
simple,0,2.54299113s,4
workstealing,0,1.24430514s,4
simple,1,2.552963336s,4
workstealing,1,396.321062ms,4
simple,2,2.570047741s,4
workstealing,2,1.480198332s,4
simple,3,2.531998387s,4
workstealing,3,406.643376ms,4
simple,4,2.577111827s,4
workstealing,4,392.401984ms,4
simple,0,2.939442316s,5
workstealing,0,457.232598ms,5
simple,1,4.13876614s,5
workstealing,1,474.208401ms,5
simple,2,2.96700036s,5
workstealing,2,464.939778ms,5
simple,3,4.567535187s,5
workstealing,3,472.671407ms,5
simple,4,2.882620436s,5
workstealing,4,460.115678ms,5
simple,0,3.338268826s,6
workstealing,0,1.639432833s,6
simple,1,3.380915206s,6
workstealing,1,523.188008ms,6
simple,2,3.817169694s,6
workstealing,2,524.048007ms,6
simple,3,5.329866616s,6
workstealing,3,531.188972ms,6
simple,4,3.288887169s,6
workstealing,4,534.290416ms,6
simple,0,3.741109868s,7
workstealing,0,1.919864995s,7
simple,1,3.733627939s,7
workstealing,1,605.41675ms,7
simple,2,3.848619066s,7
workstealing,2,591.62814ms,7
simple,3,3.700501545s,7
workstealing,3,1.919925451s,7
simple,4,4.153683047s,7
workstealing,4,608.074159ms,7
simple,0,4.155325948s,8
workstealing,0,643.543389ms,8
simple,1,6.066753007s,8
workstealing,1,651.02438ms,8
simple,2,4.133450748s,8
workstealing,2,657.729416ms,8
simple,3,4.131032985s,8
workstealing,3,664.788263ms,8
simple,4,4.072944701s,8
workstealing,4,660.522736ms,8
simple,0,4.576732784s,9
workstealing,0,2.710232664s,9
simple,1,4.625330026s,9
workstealing,1,725.000641ms,9
simple,2,4.888281022s,9
workstealing,2,722.983261ms,9
simple,3,4.46943653s,9
workstealing,3,729.967329ms,9
simple,4,7.31055353s,9
workstealing,4,720.078264ms,9