Algo,Iteration,Time Taken,AddedLatency
simple,0,860.516477ms,0
workstealing,0,129.498653ms,0
simple,1,838.084842ms,0
workstealing,1,142.204746ms,0
simple,2,1.033770895s,0
workstealing,2,128.303092ms,0
simple,3,789.051791ms,0
workstealing,3,128.325581ms,0
simple,4,816.411415ms,0
workstealing,4,506.669723ms,0
simple,5,831.581806ms,0
workstealing,5,133.634597ms,0
simple,6,796.007741ms,0
workstealing,6,130.128381ms,0
simple,7,818.131741ms,0
workstealing,7,137.582532ms,0
simple,8,788.870525ms,0
workstealing,8,860.212016ms,0
simple,9,803.367922ms,0
workstealing,9,139.23366ms,0
simple,0,2.621398025s,2
workstealing,0,269.98767ms,2
simple,1,2.542268505s,2
workstealing,1,262.526242ms,2
simple,2,1.719498628s,2
workstealing,2,294.401607ms,2
simple,3,1.779978443s,2
workstealing,3,1.089099632s,2
simple,4,1.742172177s,2
workstealing,4,273.810204ms,2
simple,5,1.78216964s,2
workstealing,5,271.399642ms,2
simple,6,1.793518317s,2
workstealing,6,2.687921297s,2
simple,7,6.31142276s,2
workstealing,7,376.251989ms,2
simple,8,2.267259695s,2
workstealing,8,388.589485ms,2
simple,9,2.214619131s,2
workstealing,9,384.520208ms,2
simple,0,2.985718844s,4
workstealing,0,474.456574ms,4
simple,1,3.937972641s,4
workstealing,1,476.882849ms,4
simple,2,2.612510031s,4
workstealing,2,410.048287ms,4
simple,3,2.566816874s,4
workstealing,3,1.697749148s,4
simple,4,2.489167716s,4
workstealing,4,413.140002ms,4
simple,5,2.479126247s,4
workstealing,5,404.381245ms,4
simple,6,2.475158363s,4
workstealing,6,411.772156ms,4
simple,7,2.499344725s,4
workstealing,7,401.26921ms,4
simple,8,4.179018357s,4
workstealing,8,407.842036ms,4
simple,9,2.490034399s,4
workstealing,9,400.381256ms,4
simple,0,4.67750866s,6
workstealing,0,529.258732ms,6
simple,1,3.386790802s,6
workstealing,1,529.771993ms,6
simple,2,4.751327732s,6
workstealing,2,528.918193ms,6
simple,3,3.404741702s,6
workstealing,3,525.561324ms,6
simple,4,3.292377558s,6
workstealing,4,533.205476ms,6
simple,5,3.306739788s,6
workstealing,5,2.175390818s,6
simple,6,3.2659338s,6
workstealing,6,530.257269ms,6
simple,7,3.287266863s,6
workstealing,7,532.649355ms,6
simple,8,3.301411623s,6
workstealing,8,536.404004ms,6
simple,9,3.292188314s,6
workstealing,9,603.28089ms,6
simple,0,4.224484346s,8
workstealing,0,650.089649ms,8
simple,1,6.079158875s,8
workstealing,1,658.412466ms,8
simple,2,4.133675856s,8
workstealing,2,659.131455ms,8
simple,3,4.091953846s,8
workstealing,3,653.930203ms,8
simple,4,6.459564536s,8
workstealing,4,661.675746ms,8
simple,5,4.071644766s,8
workstealing,5,662.43341ms,8
simple,6,4.101982464s,8
workstealing,6,659.640194ms,8
simple,7,4.103545016s,8
workstealing,7,735.541878ms,8
simple,8,4.448608025s,8
workstealing,8,656.637635ms,8
simple,9,4.103114679s,8
workstealing,9,2.999617641s,8
simple,0,6.898549699s,10
workstealing,0,776.970342ms,10
simple,1,5.022195134s,10
workstealing,1,807.763822ms,10
simple,2,4.986160949s,10
workstealing,2,809.673116ms,10
simple,3,4.90402035s,10
workstealing,3,2.200353459s,10
simple,4,6.043688606s,10
workstealing,4,803.130358ms,10
simple,5,5.237256774s,10
workstealing,5,783.491029ms,10
simple,6,4.878758693s,10
workstealing,6,782.566ms,10
simple,7,4.90363687s,10
workstealing,7,784.249106ms,10
simple,8,4.86865045s,10
workstealing,8,796.905902ms,10
simple,9,4.882424096s,10
workstealing,9,791.072992ms,10
simple,0,8.616848297s,12
workstealing,0,900.530512ms,12
simple,1,5.793194877s,12
workstealing,1,903.547659ms,12
simple,2,5.748062827s,12
workstealing,2,919.564046ms,12
simple,3,5.702301898s,12
workstealing,3,918.867954ms,12
simple,4,8.588625334s,12
workstealing,4,907.53823ms,12
simple,5,5.702115673s,12
workstealing,5,911.62586ms,12
simple,6,5.693902674s,12
workstealing,6,909.372623ms,12
simple,7,5.653986812s,12
workstealing,7,913.352655ms,12
simple,8,5.695773693s,12
workstealing,8,910.432712ms,12
simple,9,5.6477545s,12
workstealing,9,912.136955ms,12
simple,0,9.681200388s,14
workstealing,0,1.037400749s,14
simple,1,6.477119949s,14
workstealing,1,1.038238077s,14
simple,2,6.482703607s,14
workstealing,2,1.035375951s,14
simple,3,6.767681801s,14
workstealing,3,1.03833835s,14
simple,4,10.052163379s,14
workstealing,4,1.028514862s,14
simple,5,6.483438176s,14
workstealing,5,1.03216719s,14
simple,6,6.467939705s,14
workstealing,6,1.039177693s,14
simple,7,6.461205771s,14
workstealing,7,1.031210082s,14
simple,8,6.735846226s,14
workstealing,8,1.032386369s,14
simple,9,6.468063406s,14
workstealing,9,1.033934898s,14
simple,0,7.340548759s,16
workstealing,0,1.154343703s,16
simple,1,7.28998045s,16
workstealing,1,3.916972032s,16
simple,2,7.231196079s,16
workstealing,2,1.158476345s,16
simple,3,7.233220343s,16
workstealing,3,1.160661684s,16
simple,4,7.515427698s,16
workstealing,4,1.157962677s,16
simple,5,7.263608288s,16
workstealing,5,1.162659599s,16
simple,6,7.840113476s,16
workstealing,6,1.161432369s,16
simple,7,7.303016345s,16
workstealing,7,1.158696541s,16
simple,8,11.615788415s,16
workstealing,8,1.156275368s,16
simple,9,7.238437586s,16
workstealing,9,1.155779444s,16
simple,0,8.177816175s,18
workstealing,0,1.280742599s,18
simple,1,8.083019606s,18
workstealing,1,1.282721346s,18
simple,2,8.095432349s,18
workstealing,2,1.276246481s,18
simple,3,8.27321637s,18
workstealing,3,1.274734974s,18
simple,4,29.207143289s,18
workstealing,4,3.739565286s,18
simple,5,21.307722789s,18
workstealing,5,1.279341435s,18
simple,6,8.038987127s,18
workstealing,6,1.282858834s,18
simple,7,8.028669124s,18
workstealing,7,1.28170039s,18
simple,8,8.058313737s,18
workstealing,8,1.280813101s,18
simple,9,8.591110972s,18
workstealing,9,1.279640217s,18